post_id	date	caption
CvtISZ4OQZW	2023-08-08	Hermoso color🤩😍
Cvqk3a5uD2w	2023-08-07	Hermoso y delicado 💋❤️
DTOmwcxgR-R	2026-01-07	🤌🏻🤌🏻🤌🏻
DTEUkoegbWz	2026-01-03	Hermoso y delicado diseño 💅
C2lV7IWOzPp	2024-01-26	Bellas 💅
C2lVbSeumG1	2024-01-26	Otro hermoso trabajo💅 😍
Cx4V2cnuX4x	2023-10-01	Trabajo hermoso y delicado 💅 @dama_beauty_nails_center
Cw1K_seu2Fg	2023-09-05	Sencillas y hermosas 💅❤️
CwQ4vowO-2W	2023-08-22	Hermosas y sencillas 💋❤️
Cv8V70DuFa-	2023-08-14	Trabajo hermoso dé hoy 😘🥰
CvtK6JwOwPT	2023-08-08
CvtKkKGuJ1R	2023-08-08
