CvtISZ4OQZW	1	656081166_18115845019648892_8037340480937371471_n	https://scontent-mia3-2.cdninstagram.com/v/t51.82787-15/656081166_18115845019648892_8037340480937371471_n.jpg?stp=dst-jpg_e35_tt6&_nc_cat=103&ig_cache_key=MzE2NTIyMjU1Njg2OTAzMzI0OA%3D%3D.3-ccb7-5&ccb=7-5&_nc_sid=58cdad&efg=eyJ2ZW5jb2RlX3RhZyI6IkNBUk9VU0VMX0lURU0ueHBpZHMuMTQ0MC5zZHIucmVndWxhcl9waG90by5DMyJ9&_nc_ohc=aFZ0eNl2P9oQ7kNvwHWRM0Q&_nc_oc=AdomZIgTHF44ELHyo5iuh-lbPRTE0VVddjkVd9lg2otFa6TuOAQ8l8K883m6gR5f1bw&_nc_zt=23&_nc_ht=scontent-mia3-2.cdninstagram.com&_nc_gid=O_1W1UXs2WBfDBIkJ0PBKg&_nc_ss=79a8c&oh=00_AQG9xoBfKJnGIlH56wXpiZKIb0rcfI3dmfMyFDYcC-jjbQ&oe=6A8BAA66
CvtISZ4OQZW	2	654432159_18094611116078079_1504927384025153511_n	https://scontent-mia3-1.cdninstagram.com/v/t51.82787-15/654432159_18094611116078079_1504927384025153511_n.jpg?stp=dst-jpg_e35_tt6&_nc_cat=111&ig_cache_key=MzE2NTIyMjU1Njg2ODk2MTEzMw%3D%3D.3-ccb7-5&ccb=7-5&_nc_sid=58cdad&efg=eyJ2ZW5jb2RlX3RhZyI6IkNBUk9VU0VMX0lURU0ueHBpZHMuMTQ0MC5zZHIucmVndWxhcl9waG90by5DMyJ9&_nc_ohc=9y13b1KU0hoQ7kNvwFbU61u&_nc_oc=Ado77iN0hxxCUNY-EwTzWszdnC5NO_u01-UIvqtD1tU-bbyHdYjaI6J-mN5MKbgG6zw&_nc_zt=23&_nc_ht=scontent-mia3-1.cdninstagram.com&_nc_gid=O_1W1UXs2WBfDBIkJ0PBKg&_nc_ss=79a8c&oh=00_AQGATDd0WxGvA-_f87xJshKHtL-EI_-fqWGCgLwxIV-IbQ&oe=6A8BD3D2
Cvqk3a5uD2w	1	649172543_17938970580016566_8304810982475414338_n	https://scontent-mia3-2.cdninstagram.com/v/t51.82787-15/649172543_17938970580016566_8304810982475414338_n.jpg?stp=dst-jpg_e35_tt6&_nc_cat=105&ig_cache_key=MzE2NDUwMzgxOTY0Mzc1ODMyMg%3D%3D.3-ccb7-5&ccb=7-5&_nc_sid=58cdad&efg=eyJ2ZW5jb2RlX3RhZyI6IkNBUk9VU0VMX0lURU0ueHBpZHMuMTQ0MC5zZHIucmVndWxhcl9waG90by5DMyJ9&_nc_ohc=EWfM5CtHFsQQ7kNvwFss5Ie&_nc_oc=AdoRemLaPqFRFxG6ZTeMn6Jo4GRSJ6ntYc9EDDsIXBkrWpkj68SlFjAEyDqeJyu-KVc&_nc_zt=23&_nc_ht=scontent-mia3-2.cdninstagram.com&_nc_gid=lVXH3ybMmXyjWDfLGWzghg&_nc_ss=79a8c&oh=00_AQGeQ8UFP9UH2o1S1T_GFIE5jVC1DoozyF3TJS3_0HoUSA&oe=6A8BD1DF
Cvqk3a5uD2w	2	669713440_18522335578077192_127553531510377882_n	https://scontent-mia3-3.cdninstagram.com/v/t51.82787-15/669713440_18522335578077192_127553531510377882_n.jpg?stp=dst-jpg_e35_tt6&_nc_cat=108&ig_cache_key=MzE2NDUwMzgxOTcxOTExMTg5MA%3D%3D.3-ccb7-5&ccb=7-5&_nc_sid=58cdad&efg=eyJ2ZW5jb2RlX3RhZyI6IkNBUk9VU0VMX0lURU0ueHBpZHMuMTQ0MC5zZHIucmVndWxhcl9waG90by5DMyJ9&_nc_ohc=G9JXPknIYxEQ7kNvwE82l61&_nc_oc=AdoiJrgvxC9_p4CIwG1hMb1yayG_jqnIkJ_GCHNAJ4s4K3_i3MnpHYxUBYwjqoZSPMM&_nc_zt=23&_nc_ht=scontent-mia3-3.cdninstagram.com&_nc_gid=lVXH3ybMmXyjWDfLGWzghg&_nc_ss=79a8c&oh=00_AQHh567Mw83JNM3ypLVMgJrn8YIPKb7I8cK3_JO0xuIAvA&oe=6A8BBDEF
DTOmwcxgR-R	1	612385822_18052140992689759_9110426089668964749_n	https://scontent-mia3-1.cdninstagram.com/v/t51.82787-15/612385822_18052140992689759_9110426089668964749_n.jpg?stp=dst-jpg_e35_tt6&_nc_cat=111&ig_cache_key=MzgwNTE0OTE5MDM3MjI2OTk2OQ%3D%3D.3-ccb7-5&ccb=7-5&_nc_sid=58cdad&efg=eyJ2ZW5jb2RlX3RhZyI6IkZFRUQueHBpZHMuMTQ0MC5zZHIucmVndWxhcl9waG90by5DMyJ9&_nc_ohc=2gDcUpEY0kEQ7kNvwE94sfq&_nc_oc=AdpBuKB2gbbqRIFOUrWba8KEv5deQSBj0zSzJqHhF8h1bLWteD_5jabcI_Up-uNLdZI&_nc_zt=23&_nc_ht=scontent-mia3-1.cdninstagram.com&_nc_gid=dJJxXWVGeQBHmq9OyfT1PA&_nc_ss=79a8c&oh=00_AQHzkf9XpA_StqCtm3lQXy3skHuZcuJEF-Ajny5pWJE0gQ&oe=6A8BCA83
DTEUkoegbWz	1	609717955_18051743705689759_3397656341536701158_n	https://scontent-mia3-3.cdninstagram.com/v/t51.82787-15/609717955_18051743705689759_3397656341536701158_n.jpg?stp=dst-jpg_e35_tt6&_nc_cat=107&ig_cache_key=MzgwMjI1NDQ2MzcwMDQxNTkyMw%3D%3D.3-ccb7-5&ccb=7-5&_nc_sid=58cdad&efg=eyJ2ZW5jb2RlX3RhZyI6IkZFRUQueHBpZHMuMTQ0MC5zZHIucmVndWxhcl9waG90by5DMyJ9&_nc_ohc=2XItxDvfHcsQ7kNvwGY6D52&_nc_oc=AdoY8ju9aJoRcCxoC7EZTcfD65-pGM3rLEhI6hiav7cB-I5OEPSX082lQPvTQriEocU&_nc_zt=23&_nc_ht=scontent-mia3-3.cdninstagram.com&_nc_gid=-ZjTT9iS0ZCB7gW1tuS3YQ&_nc_ss=79a8c&oh=00_AQEEfXtPKEGpsEL5GhHwcfz33mnKSrX4-NGUfcYzkcbGmw&oe=6A8BC701
C2lV7IWOzPp	1	669396765_18428644834140084_3775917380505772449_n	https://scontent-mia5-1.cdninstagram.com/v/t51.82787-15/669396765_18428644834140084_3775917380505772449_n.jpg?stp=dst-jpg_e35_tt6&_nc_cat=106&ig_cache_key=MzI4OTEzMTUyMjExNTQwMzAxNQ%3D%3D.3-ccb7-5&ccb=7-5&_nc_sid=58cdad&efg=eyJ2ZW5jb2RlX3RhZyI6IkNBUk9VU0VMX0lURU0ueHBpZHMuMTQ0MC5zZHIucmVndWxhcl9waG90by5DMyJ9&_nc_ohc=B2AmYTRftvAQ7kNvwGrwGD0&_nc_oc=AdqSa6uEXZ8dcM5lPqd4KUMOKCU3Vk5fYsLOURtrlRhH0QUJG4E7iAD_IkaMaTfqzCM&_nc_zt=23&_nc_ht=scontent-mia5-1.cdninstagram.com&_nc_gid=J3OCNN5u5D_tTy2HrVrLGA&_nc_ss=79a8c&oh=00_AQGyPdyYkZ0XB7X98Yi5XaOxzF2ynRkHFHT1xBhOAkh6Bw&oe=6A8BC4BC
C2lV7IWOzPp	2	655954029_18103457599919967_704184384188432331_n	https://scontent-mia3-3.cdninstagram.com/v/t51.82787-15/655954029_18103457599919967_704184384188432331_n.jpg?stp=dst-jpg_e35_tt6&_nc_cat=107&ig_cache_key=MzI4OTEzMTUyMjEyMzY0NzQ1NA%3D%3D.3-ccb7-5&ccb=7-5&_nc_sid=58cdad&efg=eyJ2ZW5jb2RlX3RhZyI6IkNBUk9VU0VMX0lURU0ueHBpZHMuMTQ0MC5zZHIucmVndWxhcl9waG90by5DMyJ9&_nc_ohc=sR6l2L16Xt8Q7kNvwF6AUsC&_nc_oc=AdrOA_qDF9OM1i1BBKMRqZjfgTUqjsCpaRaFfEUNSeu20SgWA6f4V6v7OlOP8IHUDWQ&_nc_zt=23&_nc_ht=scontent-mia3-3.cdninstagram.com&_nc_gid=J3OCNN5u5D_tTy2HrVrLGA&_nc_ss=79a8c&oh=00_AQHrQUWC1ljwLdzDzcp0JN00EgKWjGKMJVPMd_ZHO6QqGw&oe=6A8BA73D
C2lVbSeumG1	1	652733536_18033421742787206_2494138106871739194_n	https://scontent-mia3-3.cdninstagram.com/v/t51.82787-15/652733536_18033421742787206_2494138106871739194_n.jpg?stp=dst-jpg_e35_tt6&_nc_cat=108&ig_cache_key=MzI4OTEyOTMzMzgxMjY0MDIwMA%3D%3D.3-ccb7-5&ccb=7-5&_nc_sid=58cdad&efg=eyJ2ZW5jb2RlX3RhZyI6IkNBUk9VU0VMX0lURU0ueHBpZHMuMTQ0MC5zZHIucmVndWxhcl9waG90by5DMyJ9&_nc_ohc=S-ibcJnQXuIQ7kNvwGFBt-h&_nc_oc=AdrnUydLNQ2RL8KUikJehD0mmSazoDyqOXFTxQN4dftJkoGevYyUoP3rBkMsx63fybU&_nc_zt=23&_nc_ht=scontent-mia3-3.cdninstagram.com&_nc_gid=R4I7qQ0kdPls7hCifH3Kzg&_nc_ss=79a8c&oh=00_AQFExOIpMcnP8gYXSTixJJwiY6LKl7Qq-l_4RVGrVLD1IA&oe=6A8BB61A
C2lVbSeumG1	2	655159009_18104767585702563_3207550214375574631_n	https://scontent-mia3-1.cdninstagram.com/v/t51.82787-15/655159009_18104767585702563_3207550214375574631_n.jpg?stp=dst-jpg_e35_tt6&_nc_cat=111&ig_cache_key=MzI4OTEyOTMzMzkwNTA5MzUzOQ%3D%3D.3-ccb7-5&ccb=7-5&_nc_sid=58cdad&efg=eyJ2ZW5jb2RlX3RhZyI6IkNBUk9VU0VMX0lURU0ueHBpZHMuMTQ0MC5zZHIucmVndWxhcl9waG90by5DMyJ9&_nc_ohc=tZnbsutXNoYQ7kNvwGmJC3o&_nc_oc=AdpRKuSKXGqkgq6C9M70AF3kk3kf-lrAiTZLVWZITY9qFz9XuLlZyjY85XUW0eRh1UQ&_nc_zt=23&_nc_ht=scontent-mia3-1.cdninstagram.com&_nc_gid=R4I7qQ0kdPls7hCifH3Kzg&_nc_ss=79a8c&oh=00_AQGFToiTlg8e1nIfU2MCWRsniIH9kuhJBrNsXUqdU6zqOA&oe=6A8BD732
Cx4V2cnuX4x	1	670011225_18400585240151366_6071602428539089965_n	https://scontent-mia3-1.cdninstagram.com/v/t51.82787-15/670011225_18400585240151366_6071602428539089965_n.jpg?stp=dst-jpg_e35_tt6&_nc_cat=111&ig_cache_key=MzIwNDQwNzIzMTk0NDMxMTQwOA%3D%3D.3-ccb7-5&ccb=7-5&_nc_sid=58cdad&efg=eyJ2ZW5jb2RlX3RhZyI6IkNBUk9VU0VMX0lURU0ueHBpZHMuMTQ0MC5zZHIucmVndWxhcl9waG90by5DMyJ9&_nc_ohc=k7JjvecF8lcQ7kNvwFlnn-Q&_nc_oc=AdrCme1kmAP9gt0IQD92sOmtqrTfb4WtljL93L5GYiP-iFg_jn4_yUAR_QL2udKLGEw&_nc_zt=23&_nc_ht=scontent-mia3-1.cdninstagram.com&_nc_gid=BlMJ6F3S0wpouMi99_t0VQ&_nc_ss=79a8c&oh=00_AQFD-_2QM06QnnMYc8rzYwDYHPfHJmTyZdRvd077irSf_g&oe=6A8BB4C4
Cx4V2cnuX4x	2	656808664_18096280145006956_2133231998459433925_n	https://scontent-mia3-1.cdninstagram.com/v/t51.82787-15/656808664_18096280145006956_2133231998459433925_n.jpg?stp=dst-jpg_e35_tt6&_nc_cat=111&ig_cache_key=MzIwNDQwNzIzMTk1MjQ1NTA5NA%3D%3D.3-ccb7-5&ccb=7-5&_nc_sid=58cdad&efg=eyJ2ZW5jb2RlX3RhZyI6IkNBUk9VU0VMX0lURU0ueHBpZHMuMTQ0MC5zZHIucmVndWxhcl9waG90by5DMyJ9&_nc_ohc=MxpZAulHV8IQ7kNvwHMYvNn&_nc_oc=AdrTihvOoKIlG5SfADJeO1z_aQnIX47U_X1_MIbmiwxe9ZJ2aTQolu8fW-jyPjiI4_w&_nc_zt=23&_nc_ht=scontent-mia3-1.cdninstagram.com&_nc_gid=BlMJ6F3S0wpouMi99_t0VQ&_nc_ss=79a8c&oh=00_AQFqwpKn54cU9Wv3kcDY255Q0CfOSbyYTgvek3qEhfv0Bw&oe=6A8BBB00
Cw1K_seu2Fg	1	623512895_18091843151062501_6345644221233960224_n	https://scontent-mia5-1.cdninstagram.com/v/t51.82787-15/623512895_18091843151062501_6345644221233960224_n.jpg?stp=dst-jpg_e35_tt6&_nc_cat=102&ig_cache_key=MzE4NTUwMDY2ODk4Njg3NjI1Ng%3D%3D.3-ccb7-5&ccb=7-5&_nc_sid=58cdad&efg=eyJ2ZW5jb2RlX3RhZyI6IkZFRUQueHBpZHMuMTEyNC5zZHIucmVndWxhcl9waG90by5DMyJ9&_nc_ohc=n0L3SwC9RFYQ7kNvwGita2r&_nc_oc=AdqoIqEn3OMDTUCm_K_npUApHUhyVLbinB31eSFHOVZtM5GAm7bt2JmIm2c8G4VeVTM&_nc_zt=23&_nc_ht=scontent-mia5-1.cdninstagram.com&_nc_gid=HysutQiG7aBnePXP86HEPA&_nc_ss=79a8c&oh=00_AQEgc5Johjr9Tq2Yk97X9lh6jkzKyfGXQVLHkKmg_eedHA&oe=6A8BD37E
CwQ4vowO-2W	1	655805550_18156364033431359_3831515999860624644_n	https://scontent-mia5-1.cdninstagram.com/v/t51.82787-15/655805550_18156364033431359_3831515999860624644_n.jpg?stp=dst-jpg_e35_tt6&_nc_cat=101&ig_cache_key=MzE3NTI4NzI5ODE0NDg2MDc5Ng%3D%3D.3-ccb7-5&ccb=7-5&_nc_sid=58cdad&efg=eyJ2ZW5jb2RlX3RhZyI6IkNBUk9VU0VMX0lURU0ueHBpZHMuOTk0LnNkci5yZWd1bGFyX3Bob3RvLkMzIn0%3D&_nc_ohc=ON2h4DjqsygQ7kNvwEUZi1-&_nc_oc=AdpEGURzM0N4T_2iCebOtkwMdzMoElXuyh-CSgMxHBMLn5FWoY9XRQVLzdvkZjSc8IE&_nc_zt=23&_nc_ht=scontent-mia5-1.cdninstagram.com&_nc_gid=muZ_vr_7qDaAI8XgJbgWuQ&_nc_ss=79a8c&oh=00_AQFOSMC32O8gsByvXsIwwwqvYqSX9RwyxALUX5EY6U1jQg&oe=6A8BA422
CwQ4vowO-2W	2	656659470_18352809541228293_2743743615788356969_n	https://scontent-mia3-2.cdninstagram.com/v/t51.82787-15/656659470_18352809541228293_2743743615788356969_n.jpg?stp=dst-jpg_e35_tt6&_nc_cat=103&ig_cache_key=MzE3NTI4NzI5ODIzNjkzODk1Ng%3D%3D.3-ccb7-5&ccb=7-5&_nc_sid=58cdad&efg=eyJ2ZW5jb2RlX3RhZyI6IkNBUk9VU0VMX0lURU0ueHBpZHMuMTQ0MC5zZHIucmVndWxhcl9waG90by5DMyJ9&_nc_ohc=-btSSMPYzx0Q7kNvwEDNbzB&_nc_oc=AdrKPNm1ZaukYA2WtNw47jjMRMnHG_A39UJyzB0TOSjZ2fQT-X1fOM5im5JEGsBcRc4&_nc_zt=23&_nc_ht=scontent-mia3-2.cdninstagram.com&_nc_gid=muZ_vr_7qDaAI8XgJbgWuQ&_nc_ss=79a8c&oh=00_AQGf2unY5xsF1EsEDZDJIr8nfJ-4_Zivc_MoUsnE8EMixA&oe=6A8BA448
Cv8V70DuFa-	1	654189095_18011954894683875_5211827393624652949_n	https://scontent-mia3-2.cdninstagram.com/v/t51.82787-15/654189095_18011954894683875_5211827393624652949_n.jpg?stp=dst-jpg_e35_tt6&_nc_cat=105&ig_cache_key=MzE2OTUwNDcwMjM5NTcyMDkxNA%3D%3D.3-ccb7-5&ccb=7-5&_nc_sid=58cdad&efg=eyJ2ZW5jb2RlX3RhZyI6IkNBUk9VU0VMX0lURU0ueHBpZHMuMTQ0MC5zZHIucmVndWxhcl9waG90by5DMyJ9&_nc_ohc=K0eUN0FUNpwQ7kNvwGxNv3m&_nc_oc=AdqtzfBWtz-nHs6zoXURlphOzPNH2abMhGkHgfO1K6lzk7hyfAY9s3YTajXWk9obkNE&_nc_zt=23&_nc_ht=scontent-mia3-2.cdninstagram.com&_nc_gid=sJBN3gsOKNq7Nu8WL4SwYg&_nc_ss=79a8c&oh=00_AQGQQgMx7bWfOM5E29VNR9eqeVWABrG30ytvLpeYXA689g&oe=6A8BAE96
Cv8V70DuFa-	2	659409729_18344245294246531_2832744840144429816_n	https://scontent-mia5-1.cdninstagram.com/v/t51.82787-15/659409729_18344245294246531_2832744840144429816_n.jpg?stp=dst-jpg_e35_tt6&_nc_cat=102&ig_cache_key=MzE2OTUwNDcwMjM5NTc0NzkxOQ%3D%3D.3-ccb7-5&ccb=7-5&_nc_sid=58cdad&efg=eyJ2ZW5jb2RlX3RhZyI6IkNBUk9VU0VMX0lURU0ueHBpZHMuMTQ0MC5zZHIucmVndWxhcl9waG90by5DMyJ9&_nc_ohc=b4H3OKslZA0Q7kNvwFtpa6X&_nc_oc=AdqTt57Y8OhJRPPLbgHUKtwxTODWPBLoHSRMyPSIqkG2oHr_aOGeP2vkoGMnX36hYvU&_nc_zt=23&_nc_ht=scontent-mia5-1.cdninstagram.com&_nc_gid=sJBN3gsOKNq7Nu8WL4SwYg&_nc_ss=79a8c&oh=00_AQG0JbrHnCE4GIzRgIsJSV9B8Qzs03lou82uayFrlCKFEA&oe=6A8BC5A9
CvtK6JwOwPT	1	626641169_18072111125128035_7841434581043601940_n	https://scontent-mia3-3.cdninstagram.com/v/t51.82787-15/626641169_18072111125128035_7841434581043601940_n.jpg?stp=dst-jpg_e35_tt6&_nc_cat=109&ig_cache_key=MzE2NTIzNDA4OTc3ODkzODgzNQ%3D%3D.3-ccb7-5&ccb=7-5&_nc_sid=58cdad&efg=eyJ2ZW5jb2RlX3RhZyI6IkZFRUQueHBpZHMuMTI0MS5zZHIucmVndWxhcl9waG90by5DMyJ9&_nc_ohc=z5-LaGgT_jcQ7kNvwFNFzVL&_nc_oc=AdoZJx78dPqKRqfUQTjd0Kjgt4q7uavwLOTgN7dyMbHj01fYoYaTcq_m80wEHDA7Zvo&_nc_zt=23&_nc_ht=scontent-mia3-3.cdninstagram.com&_nc_gid=cn50Vh2TjsXNKAme3X8ZJA&_nc_ss=79a8c&oh=00_AQGO7hLIwDwKqPVIFAsrFHupokMW5NQeekf9-115gGBjgw&oe=6A8BBD62
CvtKkKGuJ1R	1	622668027_18072311027425790_2096528608867141631_n	https://scontent-mia5-1.cdninstagram.com/v/t51.82787-15/622668027_18072311027425790_2096528608867141631_n.jpg?stp=dst-jpg_e35_tt6&_nc_cat=101&ig_cache_key=MzE2NTIzMjU3ODMyNzc4MDY4OQ%3D%3D.3-ccb7-5&ccb=7-5&_nc_sid=58cdad&efg=eyJ2ZW5jb2RlX3RhZyI6IkZFRUQueHBpZHMuMTI5Ni5zZHIucmVndWxhcl9waG90by5DMyJ9&_nc_ohc=x3ayngTkO9oQ7kNvwFKkk8W&_nc_oc=AdpzxaNVaOQXcmhWbcfR4SRDzO8dMJ2YJYB6OLolJyoYXrcuoQc6madZPnN47KJnuvE&_nc_zt=23&_nc_ht=scontent-mia5-1.cdninstagram.com&_nc_gid=771wfTKXReG6Y13vggfLLg&_nc_ss=79a8c&oh=00_AQEZQIcIBrFbD6-Fy5XQFBlXFFrEPGGfmwDEJJi3sLxzfw&oe=6A8BA884
